<?xml version="1.0" encoding="utf-8" ?>
<extension type="module" version="3.x" client="site" method="upgrade">
<name>Sparta</name>
<author>Kian William Nowrouzian</author>
<creationDate>June 1, 2015</creationDate>
<copyright>Copyright© 2015 Kian William Nowrouzian</copyright>
<license>GNU General Public License version 3 ; see COPYING.txt</license>
<authorEmail>mezmer121@gmail.com</authorEmail>
<authorUrl>http://www.extensions.lord121.ir</authorUrl>
<version>1.0.0</version>
<description><![CDATA[<div style="background:#e71e9e; width:300px;font-weight:bold; font-style:normal; color:#fcfafb;">Welcome to Sparta Gallery . Enjoy! </div>]]></description>
<updateservers>
		<server type="extension" name="sparta update" priority="1">http://www.extensions.lord121.ir/myextensions.xml</server>
</updateservers>
<files>
	<filename>mod_sparta.xml</filename>
	<filename module="mod_sparta">mod_sparta.php</filename>
	<filename>helper.php</filename>
	<filename>index.html</filename>
	<filename>tmpl/default.php</filename>
	<filename>tmpl/index.html</filename>
	<filename>css/mystyles.css</filename>
	<filename>css/index.html</filename>
	<filename>js/jquery.js</filename>
	<filename>js/spartan.js</filename>
	<filename>js/index.html</filename>
	<folder>images</folder>
	<folder>assets</folder>
</files>
<config>
<fields name="params" addfieldpath="modules/mod_sparta/assets">
	<fieldset name="basic" >
	    <field name="imagefolder" type="text" label="Image Folder Name:(ATTENTION:the number of images must be a product of 8(imagenum%8==0) in this folder!) also (use media to create a folder at this name and place your images in it)" class="validate-imagefolder" description="" />
		<field
					name="imagedetails"
					type="mtextarea"
					label="Input details of images in your folder image in the order of image files in your image folder and place | in between, the number of images must be equal with the number of explanations!"
					description="Follow the sample under the textarea!"
					default="example.com en-GB | exmaple2.com fr-FR"
					class="validate-details"
		/>
		<field name="txtW" type="text" label="Width:" description="" filter="integer" />
		<field name="txtH" type="text" label="Height:" description="" filter="integer" />	
		<field name="clr"  type="color" label="Color:" description=""  />
		<field type="text" name="tm" label="Speed:" description="" filter="integer" />
		<field name="lib" type="list" label="Library:" description="">
			<option value="0">No</option>
			<option value="1">Yes</option>
	    </field>
	</fieldset>
	
</fields>
</config>
</extension>